Id,class_0,class_1
00eed32682bb,0.8383918931862201,0.16160810681377988
010ebe33f668,0.8383918931862201,0.16160810681377988
02fa521e1838,0.8383918931862201,0.16160810681377988
040e15f562a2,0.8383918931862201,0.16160810681377988
046e85c7cc7f,0.8383918931862201,0.16160810681377988
