Id,class_0,class_1
00eed32682bb,0.9999348451199409,6.51548800590742e-05
010ebe33f668,0.9999348451199409,6.51548800590742e-05
02fa521e1838,0.9999348451199409,6.51548800590742e-05
040e15f562a2,0.9999348451199409,6.51548800590742e-05
046e85c7cc7f,0.9999348451199409,6.51548800590742e-05
