Id,class_0,class_1
00eed32682bb,0.998075282495726,0.0019247175042740163
010ebe33f668,0.998075282495726,0.0019247175042740163
02fa521e1838,0.998075282495726,0.0019247175042740163
040e15f562a2,0.998075282495726,0.0019247175042740163
046e85c7cc7f,0.998075282495726,0.0019247175042740163
